<metadata xml:lang="en"><Esri><CreaDate>20211217</CreaDate><CreaTime>17250900</CreaTime><ArcGISFormat>1.0</ArcGISFormat><SyncOnce>FALSE</SyncOnce><DataProperties><itemProps><itemName Sync="TRUE">parking_density_acre.txt</itemName><imsContentType Sync="TRUE">005</imsContentType><itemLocation><linkage Sync="TRUE">file://\\MSI\D$\work\parking\parking\parking_density_acre\parking_density_acre.txt</linkage><protocol Sync="TRUE">Local Area Network</protocol></itemLocation><itemSize Sync="TRUE">0.000</itemSize></itemProps><coordRef><type Sync="TRUE">Geographic</type><geogcsn Sync="TRUE">GCS_WGS_1984</geogcsn><csUnits Sync="TRUE">Angular Unit: Degree (0.017453)</csUnits><peXml Sync="TRUE">&lt;GeographicCoordinateSystem xsi:type='typens:GeographicCoordinateSystem' xmlns:xsi='http://www.w3.org/2001/XMLSchema-instance' xmlns:xs='http://www.w3.org/2001/XMLSchema' xmlns:typens='http://www.esri.com/schemas/ArcGIS/2.8.0'&gt;&lt;WKT&gt;GEOGCS[&amp;quot;GCS_WGS_1984&amp;quot;,DATUM[&amp;quot;D_WGS_1984&amp;quot;,SPHEROID[&amp;quot;WGS_1984&amp;quot;,6378137.0,298.257223563]],PRIMEM[&amp;quot;Greenwich&amp;quot;,0.0],UNIT[&amp;quot;Degree&amp;quot;,0.0174532925199433],AUTHORITY[&amp;quot;EPSG&amp;quot;,4326]]&lt;/WKT&gt;&lt;XOrigin&gt;-400&lt;/XOrigin&gt;&lt;YOrigin&gt;-400&lt;/YOrigin&gt;&lt;XYScale&gt;11258999068426.238&lt;/XYScale&gt;&lt;ZOrigin&gt;-100000&lt;/ZOrigin&gt;&lt;ZScale&gt;10000&lt;/ZScale&gt;&lt;MOrigin&gt;-100000&lt;/MOrigin&gt;&lt;MScale&gt;10000&lt;/MScale&gt;&lt;XYTolerance&gt;8.983152841195215e-09&lt;/XYTolerance&gt;&lt;ZTolerance&gt;0.001&lt;/ZTolerance&gt;&lt;MTolerance&gt;0.001&lt;/MTolerance&gt;&lt;HighPrecision&gt;true&lt;/HighPrecision&gt;&lt;LeftLongitude&gt;-180&lt;/LeftLongitude&gt;&lt;WKID&gt;4326&lt;/WKID&gt;&lt;LatestWKID&gt;4326&lt;/LatestWKID&gt;&lt;/GeographicCoordinateSystem&gt;</peXml></coordRef><lineage><Process ToolSource="c:\program files\arcgis\pro\Resources\ArcToolbox\toolboxes\Analysis Tools.tbx\SpatialJoin" Date="20211217" Time="172516">SpatialJoin all0919 all0919_capita_(3) C:\Users\ruili\OneDrive\Documents\ArcGIS\Projects\Parking_project\Parking_project.gdb\all0919_SpatialJoin1 "Join one to one" KEEP_ALL "census "census" true true false 18 Double 0 18,First,#,all0919,census,-1,-1;blkgrpid "blkgrpid" true true false 80 Text 0 0,First,#,all0919_capita_(3),blkgrpid,0,80;on_acre "on_acre" true true false 24 Double 15 23,First,#,all0919,on_acre,-1,-1;on_res_ac "on_res_ac" true true false 24 Double 15 23,First,#,all0919,on_res_ac,-1,-1;on_nre_ac "on_nre_ac" true true false 24 Double 15 23,First,#,all0919,on_nre_ac,-1,-1;off_acre "off_acre" true true false 24 Double 15 23,First,#,all0919,off_acre,-1,-1;off_res_ac "off_res_ac" true true false 24 Double 15 23,First,#,all0919,off_res_ac,-1,-1;off_nre_ac "off_nre_ac" true true false 24 Double 15 23,First,#,all0919,off_nre_ac,-1,-1;re_acre "re_acre" true true false 24 Double 15 23,First,#,all0919,re_acre,-1,-1;nonre_acre "nonre_acre" true true false 24 Double 15 23,First,#,all0919,nonre_acre,-1,-1;all_acre "all_acre" true true false 24 Double 15 23,First,#,all0919,all_acre,-1,-1;on_all "on_all" true true false 24 Double 15 23,First,#,all0919,on_all,-1,-1;off_all "off_all" true true false 24 Double 15 23,First,#,all0919,off_all,-1,-1;all_sp "all_sp" true true false 24 Double 15 23,First,#,all0919,all_sp,-1,-1;off_res "off_res" true true false 24 Double 15 23,First,#,all0919,off_res,-1,-1;off_nres "off_nres" true true false 24 Double 15 23,First,#,all0919,off_nres,-1,-1" "Are identical to" # #</Process><Process ToolSource="c:\program files\arcgis\pro\Resources\ArcToolbox\toolboxes\Data Management Tools.tbx\DeleteField" Date="20211217" Time="172532">DeleteField all0919_SpatialJoin1 TARGET_FID</Process><Process ToolSource="c:\program files\arcgis\pro\Resources\ArcToolbox\toolboxes\Data Management Tools.tbx\DeleteField" Date="20211217" Time="172536">DeleteField all0919_SpatialJoin1 census</Process><Process ToolSource="c:\program files\arcgis\pro\Resources\ArcToolbox\toolboxes\Data Management Tools.tbx\DeleteField" Date="20211217" Time="172548">DeleteField all0919_SpatialJoin1 Join_Count</Process><Process ToolSource="c:\program files\arcgis\pro\Resources\ArcToolbox\toolboxes\Conversion Tools.tbx\FeatureClassToFeatureClass" Date="20211217" Time="174510">FeatureClassToFeatureClass all0919_SpatialJoin1 D:\work\parking\parking parking_density_sqft.shp # "blkgrpid "blkgrpid" true true false 80 Text 0 0,First,#,all0919_SpatialJoin1,blkgrpid,0,80;on_acre "on_acre" true true false 8 Double 0 0,First,#,all0919_SpatialJoin1,on_acre,-1,-1;on_res_ac "on_res_ac" true true false 8 Double 0 0,First,#,all0919_SpatialJoin1,on_res_ac,-1,-1;on_nre_ac "on_nre_ac" true true false 8 Double 0 0,First,#,all0919_SpatialJoin1,on_nre_ac,-1,-1;off_acre "off_acre" true true false 8 Double 0 0,First,#,all0919_SpatialJoin1,off_acre,-1,-1;off_res_ac "off_res_ac" true true false 8 Double 0 0,First,#,all0919_SpatialJoin1,off_res_ac,-1,-1;off_nre_ac "off_nre_ac" true true false 8 Double 0 0,First,#,all0919_SpatialJoin1,off_nre_ac,-1,-1;re_acre "re_acre" true true false 8 Double 0 0,First,#,all0919_SpatialJoin1,re_acre,-1,-1;nonre_acre "nonre_acre" true true false 8 Double 0 0,First,#,all0919_SpatialJoin1,nonre_acre,-1,-1;all_acre "all_acre" true true false 8 Double 0 0,First,#,all0919_SpatialJoin1,all_acre,-1,-1;on_all "on_all" true true false 8 Double 0 0,First,#,all0919_SpatialJoin1,on_all,-1,-1;off_all "off_all" true true false 8 Double 0 0,First,#,all0919_SpatialJoin1,off_all,-1,-1;all_sp "all_sp" true true false 8 Double 0 0,First,#,all0919_SpatialJoin1,all_sp,-1,-1;off_res "off_res" true true false 8 Double 0 0,First,#,all0919_SpatialJoin1,off_res,-1,-1;off_nres "off_nres" true true false 8 Double 0 0,First,#,all0919_SpatialJoin1,off_nres,-1,-1;Shape_Length "Shape_Length" false true true 8 Double 0 0,First,#,all0919_SpatialJoin1,Shape_Length,-1,-1;Shape_Area "Shape_Area" false true true 8 Double 0 0,First,#,all0919_SpatialJoin1,Shape_Area,-1,-1" #</Process><Process ToolSource="c:\program files\arcgis\pro\Resources\ArcToolbox\toolboxes\Conversion Tools.tbx\TableToTable" Date="20211217" Time="175711">TableToTable parking_density_acre D:\work\parking\parking\parking_density_acre parking_density_acre.txt # "blkgrpid "blkgrpid" true true false 80 Text 0 0,First,#,parking_density_acre,blkgrpid,0,80;on_acre "on_acre" true true false 19 Double 0 0,First,#,parking_density_acre,on_acre,-1,-1;on_res_ac "on_res_ac" true true false 19 Double 0 0,First,#,parking_density_acre,on_res_ac,-1,-1;on_nre_ac "on_nre_ac" true true false 19 Double 0 0,First,#,parking_density_acre,on_nre_ac,-1,-1;off_acre "off_acre" true true false 19 Double 0 0,First,#,parking_density_acre,off_acre,-1,-1;off_res_ac "off_res_ac" true true false 19 Double 0 0,First,#,parking_density_acre,off_res_ac,-1,-1;off_nre_ac "off_nre_ac" true true false 19 Double 0 0,First,#,parking_density_acre,off_nre_ac,-1,-1;re_acre "re_acre" true true false 19 Double 0 0,First,#,parking_density_acre,re_acre,-1,-1;nonre_acre "nonre_acre" true true false 19 Double 0 0,First,#,parking_density_acre,nonre_acre,-1,-1;all_acre "all_acre" true true false 19 Double 0 0,First,#,parking_density_acre,all_acre,-1,-1;on_all "on_all" true true false 19 Double 0 0,First,#,parking_density_acre,on_all,-1,-1;off_all "off_all" true true false 19 Double 0 0,First,#,parking_density_acre,off_all,-1,-1;all_sp "all_sp" true true false 19 Double 0 0,First,#,parking_density_acre,all_sp,-1,-1;off_res "off_res" true true false 19 Double 0 0,First,#,parking_density_acre,off_res,-1,-1;off_nres "off_nres" true true false 19 Double 0 0,First,#,parking_density_acre,off_nres,-1,-1;Shape_Leng "Shape_Leng" true true false 19 Double 0 0,First,#,parking_density_acre,Shape_Leng,-1,-1;Shape_Area "Shape_Area" true true false 19 Double 0 0,First,#,parking_density_acre,Shape_Area,-1,-1" #</Process></lineage></DataProperties><SyncDate>20211217</SyncDate><SyncTime>17571000</SyncTime><ModDate>20211217</ModDate><ModTime>17571000</ModTime></Esri><dataIdInfo><envirDesc Sync="TRUE">Microsoft Windows 10 Version 10.0 (Build 22000) ; Esri ArcGIS 12.8.0.29751</envirDesc><dataLang><languageCode value="eng" Sync="TRUE"></languageCode><countryCode value="USA" Sync="TRUE"></countryCode></dataLang><idCitation><resTitle Sync="TRUE">parking_density_acre.txt</resTitle><presForm><PresFormCd value="001" Sync="TRUE"></PresFormCd></presForm></idCitation><spatRpType><SpatRepTypCd value="001" Sync="TRUE"></SpatRepTypCd></spatRpType></dataIdInfo><mdLang><languageCode value="eng" Sync="TRUE"></languageCode><countryCode value="USA" Sync="TRUE"></countryCode></mdLang><distInfo><distFormat><formatName Sync="TRUE">Text File</formatName></distFormat><distTranOps><transSize Sync="TRUE">0.000</transSize></distTranOps></distInfo><mdHrLv><ScopeCd value="007" Sync="TRUE"></ScopeCd></mdHrLv><mdHrLvName Sync="TRUE">non-geographic dataset</mdHrLvName><refSysInfo><RefSystem><refSysID><identCode code="4326" Sync="TRUE"></identCode><idCodeSpace Sync="TRUE">EPSG</idCodeSpace><idVersion Sync="TRUE">6.2(3.0.1)</idVersion></refSysID></RefSystem></refSysInfo><spatRepInfo><VectSpatRep><geometObjs Name="parking_density_sqft"><geoObjTyp><GeoObjTypCd value="002" Sync="TRUE"></GeoObjTypCd></geoObjTyp><geoObjCnt Sync="TRUE">0</geoObjCnt></geometObjs><topLvl><TopoLevCd value="001" Sync="TRUE"></TopoLevCd></topLvl></VectSpatRep></spatRepInfo><spdoinfo><ptvctinf><esriterm Name="parking_density_sqft"><efeatyp Sync="TRUE">Simple</efeatyp><efeageom code="4" Sync="TRUE"></efeageom><esritopo Sync="TRUE">FALSE</esritopo><efeacnt Sync="TRUE">0</efeacnt><spindex Sync="TRUE">FALSE</spindex><linrefer Sync="TRUE">FALSE</linrefer></esriterm></ptvctinf></spdoinfo><eainfo><detailed Name="parking_density_acre.txt"><enttyp><enttypl Sync="TRUE">parking_density_acre.txt</enttypl><enttypt Sync="TRUE">Table</enttypt><enttypc Sync="TRUE">0</enttypc></enttyp><attr><attrlabl Sync="TRUE">OID_</attrlabl><attalias Sync="TRUE">OID_</attalias><attrtype Sync="TRUE">Integer</attrtype><attwidth Sync="TRUE">4</attwidth><atprecis Sync="TRUE">0</atprecis><attscale Sync="TRUE">0</attscale></attr><attr><attrlabl Sync="TRUE">blkgrpid</attrlabl><attalias Sync="TRUE">blkgrpid</attalias><attrtype Sync="TRUE">String</attrtype><attwidth Sync="TRUE">80</attwidth><atprecis Sync="TRUE">0</atprecis><attscale Sync="TRUE">0</attscale></attr><attr><attrlabl Sync="TRUE">on_acre</attrlabl><attalias Sync="TRUE">on_acre</attalias><attrtype Sync="TRUE">Double</attrtype><attwidth Sync="TRUE">8</attwidth><atprecis Sync="TRUE">0</atprecis><attscale Sync="TRUE">0</attscale></attr><attr><attrlabl Sync="TRUE">on_res_ac</attrlabl><attalias Sync="TRUE">on_res_ac</attalias><attrtype Sync="TRUE">Double</attrtype><attwidth Sync="TRUE">8</attwidth><atprecis Sync="TRUE">0</atprecis><attscale Sync="TRUE">0</attscale></attr><attr><attrlabl Sync="TRUE">on_nre_ac</attrlabl><attalias Sync="TRUE">on_nre_ac</attalias><attrtype Sync="TRUE">Double</attrtype><attwidth Sync="TRUE">8</attwidth><atprecis Sync="TRUE">0</atprecis><attscale Sync="TRUE">0</attscale></attr><attr><attrlabl Sync="TRUE">off_acre</attrlabl><attalias Sync="TRUE">off_acre</attalias><attrtype Sync="TRUE">Double</attrtype><attwidth Sync="TRUE">8</attwidth><atprecis Sync="TRUE">0</atprecis><attscale Sync="TRUE">0</attscale></attr><attr><attrlabl Sync="TRUE">off_res_ac</attrlabl><attalias Sync="TRUE">off_res_ac</attalias><attrtype Sync="TRUE">Double</attrtype><attwidth Sync="TRUE">8</attwidth><atprecis Sync="TRUE">0</atprecis><attscale Sync="TRUE">0</attscale></attr><attr><attrlabl Sync="TRUE">off_nre_ac</attrlabl><attalias Sync="TRUE">off_nre_ac</attalias><attrtype Sync="TRUE">Double</attrtype><attwidth Sync="TRUE">8</attwidth><atprecis Sync="TRUE">0</atprecis><attscale Sync="TRUE">0</attscale></attr><attr><attrlabl Sync="TRUE">re_acre</attrlabl><attalias Sync="TRUE">re_acre</attalias><attrtype Sync="TRUE">Double</attrtype><attwidth Sync="TRUE">8</attwidth><atprecis Sync="TRUE">0</atprecis><attscale Sync="TRUE">0</attscale></attr><attr><attrlabl Sync="TRUE">nonre_acre</attrlabl><attalias Sync="TRUE">nonre_acre</attalias><attrtype Sync="TRUE">Double</attrtype><attwidth Sync="TRUE">8</attwidth><atprecis Sync="TRUE">0</atprecis><attscale Sync="TRUE">0</attscale></attr><attr><attrlabl Sync="TRUE">all_acre</attrlabl><attalias Sync="TRUE">all_acre</attalias><attrtype Sync="TRUE">Double</attrtype><attwidth Sync="TRUE">8</attwidth><atprecis Sync="TRUE">0</atprecis><attscale Sync="TRUE">0</attscale></attr><attr><attrlabl Sync="TRUE">on_all</attrlabl><attalias Sync="TRUE">on_all</attalias><attrtype Sync="TRUE">Double</attrtype><attwidth Sync="TRUE">8</attwidth><atprecis Sync="TRUE">0</atprecis><attscale Sync="TRUE">0</attscale></attr><attr><attrlabl Sync="TRUE">off_all</attrlabl><attalias Sync="TRUE">off_all</attalias><attrtype Sync="TRUE">Double</attrtype><attwidth Sync="TRUE">8</attwidth><atprecis Sync="TRUE">0</atprecis><attscale Sync="TRUE">0</attscale></attr><attr><attrlabl Sync="TRUE">all_sp</attrlabl><attalias Sync="TRUE">all_sp</attalias><attrtype Sync="TRUE">Double</attrtype><attwidth Sync="TRUE">8</attwidth><atprecis Sync="TRUE">0</atprecis><attscale Sync="TRUE">0</attscale></attr><attr><attrlabl Sync="TRUE">off_res</attrlabl><attalias Sync="TRUE">off_res</attalias><attrtype Sync="TRUE">Double</attrtype><attwidth Sync="TRUE">8</attwidth><atprecis Sync="TRUE">0</atprecis><attscale Sync="TRUE">0</attscale></attr><attr><attrlabl Sync="TRUE">off_nres</attrlabl><attalias Sync="TRUE">off_nres</attalias><attrtype Sync="TRUE">Double</attrtype><attwidth Sync="TRUE">8</attwidth><atprecis Sync="TRUE">0</atprecis><attscale Sync="TRUE">0</attscale></attr><attr><attrlabl Sync="TRUE">Shape_Leng</attrlabl><attalias Sync="TRUE">Shape_Leng</attalias><attrtype Sync="TRUE">Double</attrtype><attwidth Sync="TRUE">8</attwidth><atprecis Sync="TRUE">0</atprecis><attscale Sync="TRUE">0</attscale></attr><attr><attrlabl Sync="TRUE">Shape_Area</attrlabl><attalias Sync="TRUE">Shape_Area</attalias><attrtype Sync="TRUE">Double</attrtype><attwidth Sync="TRUE">8</attwidth><atprecis Sync="TRUE">0</atprecis><attscale Sync="TRUE">0</attscale><attrdef Sync="TRUE">Area of feature in internal units squared.</attrdef><attrdefs Sync="TRUE">Esri</attrdefs><attrdomv><udom Sync="TRUE">Positive real numbers that are automatically generated.</udom></attrdomv></attr></detailed></eainfo><mdDateSt Sync="TRUE">20211217</mdDateSt></metadata>
