std_land_u,BELVEDERE,CORTEMADERA,FAIRFAX,LARKSPUR,MILLVALLEY,NOVATO,ROSS,SANANSELMO,SANRAFAEL,SAUSALITO,TIBURON,DEFAULT
10,,,,,"{""no_of_unit"":2}",,,,,"{""no_of_unit"":{""bedrooms"":1}}",,"{""no_of_unit"":{""bedrooms"":1}}"
18,,,,"{""no_of_unit"":0}",,,,,"{""no_of_unit"":0}","{""no_of_unit"":0}",,"{""no_of_unit"":0}"
1001,"{""no_of_unit"":4}","{""no_of_unit"":{""bldg_area"":{""(0, 4000)"":2, ""(4000, 99999999)"":3}}}","{""no_of_unit"":{""bedrooms"":{""(0, 1)"":1, ""(2, 9999)"":2}}}","{""no_of_unit"":2}","{""no_of_unit"":2}","{""no_of_unit"":2}","{""no_of_unit"":{""bldg_area"":{""(0, 4000)"":2, ""(4000, 99999999)"":3}}}","{""no_of_unit"":2}","{""no_of_unit"":2}","{""no_of_unit"":2}","{""no_of_unit"":{""bedrooms"":{""(0, 1)"":1, ""(2, 999)"":2}}}","{""no_of_unit"":2}"
1002,,"{""no_of_unit"":2}",,,,"{""no_of_unit"":{""bedrooms"":{""(0, 0)"":1.2, ""(1, 1)"":1.5, ""(2, 2)"":2, ""(3, 3)"":2.2}}}",,,"{""no_of_unit"":{""bedrooms"":{""(0, 1)"":1, ""(2, 999)"":2}}}",,"{""no_of_unit"":2}","{""no_of_unit"":{""bedrooms"":{""(0, 1)"":1, ""(2, 999)"":2}}}"
1004,,"{""no_of_unit"":2}",,"{""no_of_unit"":2}","{""no_of_unit"":2.25}","{""no_of_unit"":{""bedrooms"":{""(0, 0)"":1.2, ""(1, 1)"":1.5, ""(2, 2)"":2, ""(3, 3)"":2.2}}}",,"{""no_of_unit"":{""bedrooms"":{""(0, 1)"":1, ""(2, 2)"":1.5, ""(3, 9999)"":2}}}","{""no_of_unit"":{""bedrooms"":{""(0, 1)"":1, ""(2, 999)"":2}}}","{""no_of_unit"":{""bedrooms"":{""(0, 1)"":1.5, ""(2, 999)"":2}}}","{""no_of_unit"":2}","{""no_of_unit"":{""bedrooms"":{""(0, 1)"":1, ""(2, 999)"":2}}}"
1006,,,,,,"{""no_of_unit"":1}",,,"{""no_of_unit"":2}",,,"{""no_of_unit"":2}"
1008,,,,,,"{""no_of_unit"":2}",,,,,,"{""no_of_unit"":2}"
1010,,"{""no_of_unit"":2}","{""bldg_area"":0}","{""no_of_unit"":2}","{""no_of_unit"":2.25}","{""no_of_unit"":2}",,,"{""no_of_unit"":{""bedrooms"":{""(0, 1)"":1, ""(2, 999)"":2}}}",,,"{""no_of_unit"":{""bedrooms"":{""(0, 1)"":1, ""(2, 999)"":2}}}"
1101,"{""no_of_unit"":2}","{""no_of_unit"":{""bedrooms"":{""(0, 1)"":1.5, ""(2, 9999)"":2}}}","{""no_of_unit"":{""bedrooms"":{""(0, 1)"":1, ""(2, 9999)"":2}}}","{""no_of_unit"":2}","{""no_of_unit"":{""bldg_area"":{""(0, 1400)"":1, ""(1400, 99999999)"":2}}}","{""no_of_unit"":2}","{""no_of_unit"":{""bedrooms"":{""(0, 1)"":1.5, ""(2, 9999)"":2}}}","{""no_of_unit"":2}","{""no_of_unit"":1.5}","{""no_of_unit"":1.5}","{""no_of_unit"":1.5}","{""no_of_unit"":1.5}"
1110,,,,,,,,,"{""no_of_unit"":{""bedrooms"":{""(0, 1)"":1, ""(2, 999)"":2}}}",,,"{""no_of_unit"":{""bedrooms"":{""(0, 1)"":1, ""(2, 999)"":2}}}"
2000,"{""bldg_area"":3.33}","{""bldg_area"":2.5}","{""bldg_area"":4}","{""bldg_area"":{""bldg_area"":{""(0, 5000)"":6, ""(5000, 10000)"":5.5, ""(10000, 99999999)"":5}}}","{""bldg_area"":4}","{""bldg_area"":4}","{""bldg_area"":3.85}","{""bldg_area"":6}","{""bldg_area"":4.5}","{""bldg_area"":4}","{""bldg_area"":2.5}","{""bldg_area"":2}"
5000,,"{""bldg_area"":{""bathroom"":{""(0, 0)"":1.25, ""(1:9999)"":4}}}",,,"{""bldg_area"":4}","{""bldg_area"":1}",,"{""bldg_area"":1.25}","{""bldg_area"":2}","{""bldg_area"":1.5}",,"{""bldg_area"":2}"
7000,,,,,,"{""bldg_area"":0}",,"{""bldg_area"":0}","{""bldg_area"":0}",,,"{""bldg_area"":0}"
8001,"{""no_of_unit"":0}","{""no_of_unit"":0}","{""no_of_unit"":0}","{""no_of_unit"":0}","{""no_of_unit"":0}","{""no_of_unit"":0}","{""no_of_unit"":0}","{""no_of_unit"":0}","{""no_of_unit"":0}","{""no_of_unit"":0}","{""no_of_unit"":0}","{""no_of_unit"":0}"
8002,,"{""bldg_area"":0}","{""bldg_area"":0}","{""bldg_area"":0}","{""bldg_area"":0}","{""bldg_area"":0}","{""bldg_area"":0}","{""bldg_area"":0}","{""bldg_area"":0}","{""bldg_area"":0}",,"{""bldg_area"":0}"
8003,,,,"{""bldg_area"":0}",,"{""bldg_area"":0}",,,"{""bldg_area"":0}","{""bldg_area"":0}",,"{""bldg_area"":0}"
8004,,,,,,"{""bldg_area"":0}",,,"{""bldg_area"":0}","{""bldg_area"":0}","{""bldg_area"":0}","{""bldg_area"":0}"
8006,,,,,,"{""bldg_area"":0}",,,"{""bldg_area"":0}",,,"{""bldg_area"":0}"
8008,,,,,,"{""bldg_area"":0}",,,,,,"{""bldg_area"":0}"
8501,,,,"{""no_of_unit"":1}","{""bldg_area"":0}","{""bldg_area"":0}",,"{""bldg_area"":0}","{""bldg_area"":0}","{""bldg_area"":0}","{""bldg_area"":0}","{""bldg_area"":0}"
9000,"{""no_of_unit"":4}","{""no_of_unit"":{""bldg_area"":{""(0, 4000)"":2, ""(4000, 99999999)"":3}}}","{""no_of_unit"":{""bedrooms"":{""(0, 1)"":1, ""(2, 9999)"":2}}}","{""no_of_unit"":1}","{""no_of_unit"":2}","{""no_of_unit"":2}","{""no_of_unit"":{""bldg_area"":{""(0, 4000)"":2, ""(4000, 99999999)"":3}}}","{""no_of_unit"":1}","{""no_of_unit"":2}","{""no_of_unit"":2}","{""no_of_unit"":{""bedrooms"":{""(0, 1)"":1, ""(2, 999)"":2}}}","{""no_of_unit"":2}"
9300,"{""no_of_unit"":0}",,,"{""no_of_unit"":0}",,,,,,,,
