std_land_u,NAPA,CALISTOGA,SAINT HELENA,YOUNTVILLE,AMERICAN CANYON,,DEFAULT
10,,"{""bldg_area"":0.0}",,,,,"{""bldg_area"":0.0}"
11,"{""bldg_area"":0.0}",,,,,,"{""bldg_area"":0.0}"
1001,"{""no_of_unit"":2}","{""no_of_unit"":2}","{""no_of_unit"":2}","{""no_of_unit"":2}","{""no_of_unit"":2}",,"{""no_of_unit"":2}"
1002,"{""no_of_unit"":2.5}",,,,,,"{""no_of_unit"":2.5}"
1004,"{""no_of_unit"":2.5}","{""no_of_unit"":2}","{""no_of_unit"":2}","{""no_of_unit"":2}",,,"{""no_of_unit"":2.5}"
1006,"{""no_of_unit"":2.25}","{""no_of_unit"":2.25}","{""no_of_unit"":2.25}",,"{""no_of_unit"":2.5}",,"{""no_of_unit"":2.25}"
1008,"{""no_of_unit"":2.5}","{""no_of_unit"":2}","{""no_of_unit"":2}","{""no_of_unit"":2}","{""bedrooms"":{""(0, 0)"":1, ""(1, 1)"":1.5, ""(2, 99999999)"":2.25}}",,"{""no_of_unit"":2.5}"
1009,"{""no_of_unit"":2.5}",,,,,,"{""no_of_unit"":2.5}"
1010,"{""no_of_unit"":2.5}","{""no_of_unit"":2}","{""no_of_unit"":2}","{""no_of_unit"":2}","{""bedrooms"":{""(0, 0)"":1, ""(1, 1)"":1.5, ""(2, 99999999)"":2.25}}",,"{""no_of_unit"":2.5}"
1015,42,8,3,,,,
1101,"{""no_of_unit"":2.5}","{""no_of_unit"":2}","{""no_of_unit"":2}","{""no_of_unit"":2}","{""bedrooms"":{""(0, 0)"":1, ""(1, 1)"":1.5, ""(2, 99999999)"":2.25}}",,"{""no_of_unit"":2.5}"
1102,"{""no_of_unit"":2.5}","{""no_of_unit"":2}","{""no_of_unit"":2}","{""no_of_unit"":4}","{""bedrooms"":{""(0, 0)"":1, ""(1, 1)"":1.5, ""(2, 99999999)"":2.25}}",,"{""no_of_unit"":2.5}"
1103,"{""no_of_unit"":2.5}","{""no_of_unit"":3.19}","{""no_of_unit"":2}","{""no_of_unit"":4}",,,"{""no_of_unit"":2.5}"
1104,"{""no_of_unit"":2.5}","{""no_of_unit"":2}","{""no_of_unit"":2}","{""no_of_unit"":2}","{""bedrooms"":{""(0, 0)"":1, ""(1, 1)"":1.5, ""(2, 99999999)"":2.25}}",,"{""no_of_unit"":2.5}"
1109,"{""no_of_unit"":2.25}","{""no_of_unit"":2.25}","{""no_of_unit"":2.25}","{""no_of_unit"":2.25}","{""no_of_unit"":2.5}",,"{""no_of_unit"":2.25}"
1110,"{""no_of_unit"":2.5}",,,,,,"{""no_of_unit"":2.5}"
2000,"{""bldg_area"":5.0}","{""bldg_area"":3.333333333}","{""bldg_area"":4.0}","{""bldg_area"":3.333333333}","{""bldg_area"":3.333333333}",,"{""bldg_area"":5.0}"
2001,"{""bldg_area"":5.0}","{""bldg_area"":3.333333333}","{""bldg_area"":4.0}","{""bldg_area"":3.333333333}","{""bldg_area"":3.333333333}",,"{""bldg_area"":5.0}"
2023,"{""bldg_area"":1.0}","{""bldg_area"":2.0}","{""bldg_area"":1.5}",,"{""bldg_area"":2.0}",,"{""bldg_area"":1.0}"
2054,"{""bedrooms"":1}","{""bedrooms"":1}","{""bedrooms"":1}","{""bedrooms"":1}","{""bedrooms"":1}",,"{""bedrooms"":1}"
3000,"{""bldg_area"":4.0}","{""bldg_area"":3.333333333}","{""bldg_area"":4.0}","{""bldg_area"":3.333333333}","{""bldg_area"":3.333333333}",,"{""bldg_area"":4.0}"
3006,"{""bldg_area"":5.0}",,"{""bldg_area"":5.0}",,,,"{""bldg_area"":5.0}"
3010,"{""bldg_area"":4.0}",,,,,,"{""bldg_area"":4.0}"
5000,"{""bldg_area"":2.0}","{""bldg_area"":2.0}","{""bldg_area"":2.0}",,"{""bldg_area"":2.0}",,"{""bldg_area"":2.0}"
5002,"{""bldg_area"":2.0}","{""bldg_area"":2.0}",,,"{""bldg_area"":2.0}",,"{""bldg_area"":2.0}"
5003,"{""bldg_area"":0.5}",,"{""bldg_area"":{""(0, 10000)"":1, ""(10000, 99999999)"":0.5}}",,"{""bldg_area"": {""(0, 20000)"":1, ""(20000, 99999999)"":0.5}}",,"{""bldg_area"":0.5}"
6000,,,,,"{""bldg_area"":2.0}",,"{""bldg_area"":2.0}"
6017,62,20,56,3,1,,
7000,"{""bldg_area"":0.0}",,"{""bldg_area"":0.0}",,"{""bldg_area"":0.0}",,"{""bldg_area"":0.0}"
7006,"{""bldg_area"":0.0}","{""bldg_area"":0.0}","{""bldg_area"":0.0}","{""bldg_area"":0.0}","{""bldg_area"":0.0}",,"{""bldg_area"":0.0}"
7013,"{""bldg_area"":0.0}","{""bldg_area"":0.0}","{""bldg_area"":0.0}",,"{""bldg_area"":0.0}",,"{""bldg_area"":0.0}"
8000,"{""bldg_area"":0.0}","{""bldg_area"":0.0}","{""bldg_area"":0.0}","{""bldg_area"":0.0}","{""bldg_area"":0.0}",,"{""bldg_area"":0.0}"
8001,"{""bldg_area"":0.0}","{""bldg_area"":0.0}","{""bldg_area"":0.0}","{""bldg_area"":0.0}","{""bldg_area"":0.0}",,"{""bldg_area"":0.0}"
8002,"{""bldg_area"":0.0}","{""bldg_area"":0.0}","{""bldg_area"":0.0}","{""bldg_area"":0.0}","{""bldg_area"":0.0}",,"{""bldg_area"":0.0}"
8003,"{""bldg_area"":0.0}","{""bldg_area"":0.0}","{""bldg_area"":0.0}",,"{""bldg_area"":0.0}",,"{""bldg_area"":0.0}"
8008,"{""bldg_area"":0.0}","{""bldg_area"":0.0}","{""bldg_area"":0.0}","{""bldg_area"":0.0}","{""bldg_area"":0.0}",,"{""bldg_area"":0.0}"
8501,"{""bldg_area"":0.0}","{""bldg_area"":0.0}","{""bldg_area"":0.0}","{""bldg_area"":0.0}","{""bldg_area"":0.0}",,"{""bldg_area"":0.0}"
9000,"{""bldg_area"":0.0}","{""bldg_area"":0.0}","{""bldg_area"":0.0}","{""bldg_area"":0.0}","{""bldg_area"":0.0}",,"{""bldg_area"":0.0}"
