std_land_u,SAN FRANCISCO,DEFAULT
10,"{""bldg_area"":0.0}","{""bldg_area"":0.0}"
1000,"{""no_of_unit"":1.5}","{""no_of_unit"":1.5}"
1001,"{""no_of_unit"":1.5}","{""no_of_unit"":1.5}"
1002,"{""no_of_unit"":1.5}","{""no_of_unit"":1.5}"
1004,"{""no_of_unit"":1.5}","{""no_of_unit"":1.5}"
1005,"{""no_of_unit"":1.5}","{""no_of_unit"":1.5}"
1009,"{""no_of_unit"":1.5}","{""no_of_unit"":1.5}"
1011,"{""no_of_unit"":1.5}","{""no_of_unit"":1.5}"
1015,5,
1100,"{""no_of_unit"":1.5}","{""no_of_unit"":1.5}"
1101,"{""no_of_unit"":1.5}","{""no_of_unit"":1.5}"
1110,"{""no_of_unit"":1.5}","{""no_of_unit"":1.5}"
1112,"{""no_of_unit"":1.5}","{""no_of_unit"":1.5}"
2001,"{""bldg_area"":3.0}","{""bldg_area"":3.0}"
2003,"{""bldg_area"":3.0}","{""bldg_area"":3.0}"
2004,"{""bldg_area"":3.0}","{""bldg_area"":3.0}"
2007,"{""bldg_area"":3.0}","{""bldg_area"":3.0}"
2024,"{""bldg_area"":3.0}","{""bldg_area"":3.0}"
2033,"{""no_of_unit"":1.5}","{""no_of_unit"":1.5}"
2034,"{""no_of_unit"":1.2}","{""no_of_unit"":1.2}"
2036,220,
2041,"{""bldg_area"":3.0}","{""bldg_area"":3.0}"
2042,"{""bldg_area"":3.0}","{""bldg_area"":3.0}"
2044,58,
2052,"{""bldg_area"":3.0}","{""bldg_area"":3.0}"
3000,"{""bldg_area"":3.0}","{""bldg_area"":3.0}"
3003,"{""bldg_area"":3.0}","{""bldg_area"":3.0}"
3004,"{""bldg_area"":3.0}","{""bldg_area"":3.0}"
3006,"{""bldg_area"":5.0}","{""bldg_area"":5.0}"
3007,"{""bldg_area"":3.0}","{""bldg_area"":3.0}"
3008,"{""bldg_area"":3.0}","{""bldg_area"":3.0}"
3009,"{""bldg_area"":3.0}","{""bldg_area"":3.0}"
4000,"{""bldg_area"":7.5}","{""bldg_area"":7.5}"
4020,"{""bldg_area"":7.5}","{""bldg_area"":7.5}"
4028,"{""bldg_area"":7.5}","{""bldg_area"":7.5}"
5000,"{""bldg_area"":0.75}","{""bldg_area"":0.75}"
5003,"{""bldg_area"":0.75}","{""bldg_area"":0.75}"
8000,"{""bldg_area"":0.0}","{""bldg_area"":0.0}"
8001,"{""bldg_area"":0.0}","{""bldg_area"":0.0}"
8002,"{""bldg_area"":0.0}","{""bldg_area"":0.0}"
8003,"{""bldg_area"":0.0}","{""bldg_area"":0.0}"
8006,"{""bldg_area"":0.0}","{""bldg_area"":0.0}"
8009,"{""bldg_area"":0.0}","{""bldg_area"":0.0}"
8010,"{""bldg_area"":0.0}","{""bldg_area"":0.0}"
8503,"{""bldg_area"":0.0}","{""bldg_area"":0.0}"
9101,"{""bldg_area"":7.5}","{""bldg_area"":7.5}"
9106,"{""bedrooms"":0.15}","{""bedrooms"":0.15}"
9110,"{""bldg_area"":3.0}","{""bldg_area"":3.0}"
9200,"{""bldg_area"":3.0}","{""bldg_area"":3.0}"
9203,199,
9204,6,
9210,"{""bldg_area"":3.0}","{""bldg_area"":3.0}"
9212,"{""bldg_area"":3.0}","{""bldg_area"":3.0}"
9219,"{""bedrooms"":0.1875}","{""bedrooms"":0.1875}"
